{
  "coverage": 0.8,
  "global_q_low": -9.931097984313965,
  "global_q_high": 0.4932819366455079,
  "bin_quantiles": {
    "low": [
      -9.475401687622071,
      0.16661415100097665
    ],
    "mid": [
      -24.49131965637207,
      0.5467460632324221
    ],
    "high": [
      -22.297264099121097,
      0.9122543334960938
    ]
  }
}