{
  "coverage": 0.9,
  "global_q_low": -0.684251427650452,
  "global_q_high": 57.77183914184565,
  "bin_quantiles": {
    "low": [
      -1.370876413583756,
      63.16268775463102
    ],
    "mid": [
      -0.504421615600586,
      74.01734695434573
    ],
    "high": [
      -0.684251427650452,
      57.77183914184565
    ]
  }
}