{
  "coverage": 0.8,
  "global_q_low": -0.9378169775009155,
  "global_q_high": 0.603248119354248,
  "bin_quantiles": {
    "low": [
      -0.9921361446380617,
      0.3032958507537842
    ],
    "mid": [
      -0.985514068603516,
      0.5061424255371094
    ],
    "high": [
      -0.9378169775009155,
      0.603248119354248
    ]
  }
}