{
  "coverage": 0.9,
  "global_q_low": -29.678432941436768,
  "global_q_high": 88.49377858638763,
  "bin_quantiles": {
    "low": [
      -13.441067934036255,
      99.59215033054352
    ],
    "mid": [
      -45.768481063842785,
      68.55324821472168
    ],
    "high": [
      -77.34254608154298,
      61.413662910461426
    ]
  }
}