{
  "coverage": 0.9,
  "global_q_low": -22.42600250244141,
  "global_q_high": 0.7859335303306572,
  "bin_quantiles": {
    "low": [
      -12.122131729125977,
      0.35731658935546873
    ],
    "mid": [
      -28.195783996582033,
      0.8136447906494138
    ],
    "high": [
      -62.76138687133789,
      1.4879417419433594
    ]
  }
}