{
  "coverage": 0.8,
  "global_q_low": -0.36399421691894535,
  "global_q_high": 35.393877649307264,
  "bin_quantiles": {
    "low": [
      -0.5972760915756227,
      36.781297540664674
    ],
    "mid": [
      -0.35060577392578135,
      67.04942016601564
    ],
    "high": [
      -0.36399421691894535,
      35.393877649307264
    ]
  }
}