{
  "coverage": 0.9,
  "global_q_low": -1.986709713935852,
  "global_q_high": 1.155574083328247,
  "bin_quantiles": {
    "low": [
      -1.6917693078517917,
      0.4580585956573489
    ],
    "mid": [
      -23.833516120910645,
      0.8131763458251955
    ],
    "high": [
      -1.986709713935852,
      1.155574083328247
    ]
  }
}