{
  "coverage": 0.9,
  "n_bootstrap": 1000,
  "q_low": -32.302311871051785,
  "q_high": 87.64533332106471,
  "interval_width": 119.9476451921165
}