{
  "coverage": 0.8,
  "n_bootstrap": 1000,
  "q_low": -25.030298548698426,
  "q_high": 65.37032814025879,
  "interval_width": 90.40062668895722
}