{
  "psi_thresholds": {
    "amber": 0.1,
    "red": 0.2
  },
  "n_bins": 10,
  "features": {
    "temp_mean": {
      "feature": "temp_mean",
      "bin_edges": [
        4.857763577409316,
        10.455920198283831,
        25.0,
        31.28170320230964,
        33.210887191340525,
        38.674825568873274,
        58.954810986890266
      ],
      "expected_pcts": [
        0.1000253228665485,
        0.06583945302608256,
        0.5340592555077235,
        0.1000253228665485,
        0.1000253228665485,
        0.1000253228665485
      ],
      "n_train": 3949,
      "mean": 26.653143669593955,
      "std": 9.706834131142578,
      "p5": 9.039427868686477,
      "p50": 25.0,
      "p95": 40.867750938877016
    },
    "temp_max": {
      "feature": "temp_max",
      "bin_edges": [
        7.155555764844436,
        16.105773909329926,
        25.0,
        38.25979178296789,
        41.02077241440667,
        53.539973970625894,
        69.86974573152932
      ],
      "expected_pcts": [
        0.1000253228665485,
        0.058242593061534564,
        0.5416561154722714,
        0.1000253228665485,
        0.1000253228665485,
        0.1000253228665485
      ],
      "n_train": 3949,
      "mean": 30.97107951749465,
      "std": 12.813029260300905,
      "p5": 13.31551825059126,
      "p50": 25.0,
      "p95": 57.233295375927625
    },
    "v_min": {
      "feature": "v_min",
      "bin_edges": [
        0.0,
        2.699548959732056,
        2.6997110843658447,
        2.699855327606201,
        2.699873447418213,
        3.222358465194702
      ],
      "expected_pcts": [
        0.5664725246897949,
        0.116991643454039,
        0.0762218283109648,
        0.12509496074955684,
        0.11521904279564446
      ],
      "n_train": 3949,
      "mean": 1.2956544348305465,
      "std": 1.3489412920926054,
      "p5": 0.0,
      "p50": 0.0,
      "p95": 2.699873447418213
    },
    "v_mean": {
      "feature": "v_mean",
      "bin_edges": [
        0.0754368421052631,
        0.5574683585705632,
        1.8395349619543453,
        2.226142666019313,
        2.5034609675443966,
        3.014414673046252,
        3.522310196820879,
        3.602132339477539,
        3.63004710699148,
        3.646596018822479,
        3.7859546564885496
      ],
      "expected_pcts": [
        0.1000253228665485,
        0.1000253228665485,
        0.1000253228665485,
        0.1000253228665485,
        0.09977209420106356,
        0.1000253228665485,
        0.1000253228665485,
        0.1000253228665485,
        0.1000253228665485,
        0.1000253228665485
      ],
      "n_train": 3949,
      "mean": 2.6619494927309666,
      "std": 1.0914493116377961,
      "p5": 0.4931348278370991,
      "p50": 3.014414673046252,
      "p95": 3.655579542077106
    },
    "i_mean": {
      "feature": "i_mean",
      "bin_edges": [
        -1.9788233502538075,
        0.9921125206645205,
        1.0996562887396157,
        1.0997054033451252,
        1.0998468112945556,
        1.0999113985922484,
        1.0999867586303802,
        1.7198904672897195,
        1.8030441274265803,
        1.9207551004784693,
        3.957515217391304
      ],
      "expected_pcts": [
        0.1000253228665485,
        0.1000253228665485,
        0.1000253228665485,
        0.09951886553557862,
        0.10027855153203342,
        0.1000253228665485,
        0.1000253228665485,
        0.1000253228665485,
        0.1000253228665485,
        0.1000253228665485
      ],
      "n_train": 3949,
      "mean": 1.340493133805213,
      "std": 0.7811391416788375,
      "p5": 0.6205489608636977,
      "p50": 1.0999113985922484,
      "p95": 1.9837814416000201
    },
    "i_min": {
      "feature": "i_min",
      "bin_edges": [
        -2.0,
        0.0004,
        0.0006,
        1.0994319915771484,
        1.0995266437530518,
        1.0997085571289062,
        1.0998904705047607
      ],
      "expected_pcts": [
        0.0600151937199291,
        0.33603443909850594,
        0.14991136996708027,
        0.21068624968346417,
        0.08938971891618132,
        0.1539630286148392
      ],
      "n_train": 3949,
      "mean": 0.48076544273436356,
      "std": 0.665682830947066,
      "p5": 0.0002,
      "p50": 0.0006,
      "p95": 1.0997085571289062
    },
    "duration_s": {
      "feature": "duration_s",
      "bin_edges": [
        96.484,
        1655.8806845636818,
        2460.125,
        2788.962588919735,
        2942.797000000006,
        3066.766,
        3171.338943510995,
        3283.563,
        3409.300869250475,
        4382.937,
        6574.671
      ],
      "expected_pcts": [
        0.1000253228665485,
        0.09951886553557862,
        0.10053178019751836,
        0.09977209420106356,
        0.1000253228665485,
        0.1000253228665485,
        0.09977209420106356,
        0.10027855153203342,
        0.09951886553557862,
        0.10053178019751836
      ],
      "n_train": 3949,
      "mean": 3059.3759131770435,
      "std": 1073.456503381258,
      "p5": 1269.768752305824,
      "p50": 3066.766,
      "p95": 5368.6906
    },
    "capacity": {
      "feature": "capacity",
      "bin_edges": [
        0.0,
        0.593808941910094,
        0.8140879932712523,
        0.9453949381728368,
        1.0078624026172596,
        1.0474502485368866,
        1.1566352067630081,
        1.3630829355648446,
        1.5035166138842682,
        1.7142025540688175,
        2.378643730568756
      ],
      "expected_pcts": [
        0.1000253228665485,
        0.1000253228665485,
        0.1000253228665485,
        0.1000253228665485,
        0.09977209420106356,
        0.1000253228665485,
        0.1000253228665485,
        0.1000253228665485,
        0.1000253228665485,
        0.1000253228665485
      ],
      "n_train": 3949,
      "mean": 1.115914485726593,
      "std": 0.41676429342843824,
      "p5": 0.38158190812067755,
      "p50": 1.0474502485368866,
      "p95": 1.7984669771305488
    },
    "ah_est": {
      "feature": "ah_est",
      "bin_edges": [
        -2.034654187888889,
        0.5606126683339142,
        0.8092373918501363,
        0.9390749413431622,
        1.001282320824539,
        1.0515367038842918,
        1.1790013169555555,
        1.4008246239222228,
        1.5188490268000001,
        1.6906353354277779,
        2.5254454348888893
      ],
      "expected_pcts": [
        0.1000253228665485,
        0.1000253228665485,
        0.1000253228665485,
        0.1000253228665485,
        0.09977209420106356,
        0.1000253228665485,
        0.1000253228665485,
        0.1000253228665485,
        0.1000253228665485,
        0.1000253228665485
      ],
      "n_train": 3949,
      "mean": 1.0661255764687052,
      "std": 0.6038518144595505,
      "p5": 0.3508203213167413,
      "p50": 1.0515367038842918,
      "p95": 1.777748033788889
    },
    "energy_j": {
      "feature": "energy_j",
      "bin_edges": [
        -19425.930717675,
        5300.331347171301,
        6841.8247879069295,
        8789.521791043613,
        10081.07226897362,
        11654.4713678664,
        12523.344599479695,
        13226.432980657786,
        13740.026693752152,
        14852.240713570141,
        20792.297238437703
      ],
      "expected_pcts": [
        0.1000253228665485,
        0.1000253228665485,
        0.1000253228665485,
        0.1000253228665485,
        0.09977209420106356,
        0.1000253228665485,
        0.1000253228665485,
        0.1000253228665485,
        0.1000253228665485,
        0.1000253228665485
      ],
      "n_train": 3949,
      "mean": 10189.494951383476,
      "std": 5806.523921795018,
      "p5": 2534.7482011856005,
      "p50": 11654.4713678664,
      "p95": 16248.792238859603
    }
  }
}