{
  "psi_thresholds": {
    "amber": 0.1,
    "red": 0.2
  },
  "n_bins": 10,
  "features": {
    "temp_mean": {
      "feature": "temp_mean",
      "bin_edges": [
        4.857763577409316,
        8.969360624715339,
        10.939133221658826,
        12.459361184158913,
        29.59359706740164,
        31.874308034761036,
        32.56222309600736,
        33.33373327655217,
        38.2504483640825,
        46.44169785316734,
        55.97390404609549
      ],
      "expected_pcts": [
        0.10022522522522523,
        0.09966216216216216,
        0.10022522522522523,
        0.09966216216216216,
        0.10022522522522523,
        0.09966216216216216,
        0.10022522522522523,
        0.09966216216216216,
        0.10022522522522523,
        0.10022522522522523
      ],
      "n_train": 1776,
      "mean": 26.91184386658278,
      "std": 13.926010332229643,
      "p5": 8.17944396931246,
      "p50": 31.874308034761036,
      "p95": 52.87703530499359
    },
    "temp_max": {
      "feature": "temp_max",
      "bin_edges": [
        7.155555764844436,
        13.056534181781533,
        15.816276936907297,
        20.12223530798866,
        36.115379230424814,
        38.85641881776394,
        40.37035790264624,
        41.08977761710522,
        48.20204512091098,
        57.97580633549558,
        64.14381595669508
      ],
      "expected_pcts": [
        0.10022522522522523,
        0.09966216216216216,
        0.10022522522522523,
        0.09966216216216216,
        0.10022522522522523,
        0.09966216216216216,
        0.10022522522522523,
        0.09966216216216216,
        0.10022522522522523,
        0.10022522522522523
      ],
      "n_train": 1776,
      "mean": 34.61506687224077,
      "std": 16.077742289412512,
      "p5": 11.463239056242998,
      "p50": 38.85641881776394,
      "p95": 60.16127836875618
    },
    "v_min": {
      "feature": "v_min",
      "bin_edges": [
        0.0,
        0.001
      ],
      "expected_pcts": [
        1.0
      ],
      "n_train": 1776,
      "mean": 1.1261261261261262e-06,
      "std": 3.353890227890862e-05,
      "p5": 0.0,
      "p50": 0.0,
      "p95": 0.0
    },
    "v_mean": {
      "feature": "v_mean",
      "bin_edges": [
        0.1038021978021978,
        0.49948870651731914,
        1.2880059523809524,
        1.7546489537114767,
        1.932754716981132,
        2.0732435710573296,
        2.2595981308411215,
        2.4507201142452737,
        2.5768289855072464,
        2.841179851965779,
        3.7859546564885496
      ],
      "expected_pcts": [
        0.10022522522522523,
        0.09966216216216216,
        0.10022522522522523,
        0.09966216216216216,
        0.10022522522522523,
        0.10022522522522523,
        0.09966216216216216,
        0.09966216216216216,
        0.10022522522522523,
        0.10022522522522523
      ],
      "n_train": 1776,
      "mean": 1.9142974501444718,
      "std": 0.7990818296787139,
      "p5": 0.4846723721304873,
      "p50": 2.0732435710573296,
      "p95": 2.9507716542081326
    },
    "i_mean": {
      "feature": "i_mean",
      "bin_edges": [
        -1.9788233502538075,
        0.9498658861633722,
        0.9939183374083128,
        1.5811776003066704,
        1.694500675675676,
        1.7344822660098522,
        1.7898684210526312,
        1.882493157894737,
        1.932899003322259,
        1.9889730258597704,
        3.957515217391304
      ],
      "expected_pcts": [
        0.10022522522522523,
        0.09966216216216216,
        0.10022522522522523,
        0.09966216216216216,
        0.10022522522522523,
        0.09966216216216216,
        0.10022522522522523,
        0.09966216216216216,
        0.10022522522522523,
        0.10022522522522523
      ],
      "n_train": 1776,
      "mean": 1.609907772777848,
      "std": 1.134469500510756,
      "p5": -1.8048293755827203,
      "p50": 1.7344822660098522,
      "p95": 3.9067621221969446
    },
    "i_min": {
      "feature": "i_min",
      "bin_edges": [
        -2.0,
        0.0004,
        0.0006
      ],
      "expected_pcts": [
        0.0929054054054054,
        0.9070945945945946
      ],
      "n_train": 1776,
      "mean": -0.10426644144144144,
      "std": 0.44543422624430107,
      "p5": -1.9982,
      "p50": 0.0004,
      "p95": 0.0006
    },
    "duration_s": {
      "feature": "duration_s",
      "bin_edges": [
        96.484,
        1614.406,
        2373.687,
        2525.609,
        2847.36,
        2975.7655,
        3085.625,
        3228.9610000000016,
        3591.734,
        5419.9455,
        6574.671
      ],
      "expected_pcts": [
        0.09966216216216216,
        0.0990990990990991,
        0.10078828828828829,
        0.10022522522522523,
        0.10022522522522523,
        0.0990990990990991,
        0.10078828828828829,
        0.09966216216216216,
        0.10022522522522523,
        0.10022522522522523
      ],
      "n_train": 1776,
      "mean": 3175.078219594595,
      "std": 1371.7165272349653,
      "p5": 1055.25,
      "p50": 2975.7655,
      "p95": 6427.079
    },
    "capacity": {
      "feature": "capacity",
      "bin_edges": [
        0.0,
        0.8824895829740633,
        1.0655493528023796,
        1.1885497894102117,
        1.314290971597844,
        1.3963321759260618,
        1.48586566102824,
        1.6173501774763308,
        1.7307198617163877,
        1.8011764291633783,
        2.378643730568756
      ],
      "expected_pcts": [
        0.10022522522522523,
        0.09966216216216216,
        0.10022522522522523,
        0.09966216216216216,
        0.10022522522522523,
        0.09966216216216216,
        0.10022522522522523,
        0.09966216216216216,
        0.10022522522522523,
        0.10022522522522523
      ],
      "n_train": 1776,
      "mean": 1.3376865931480098,
      "std": 0.43456620487079306,
      "p5": 0.08827883921669075,
      "p50": 1.3963321759260618,
      "p95": 1.837684194404968
    },
    "ah_est": {
      "feature": "ah_est",
      "bin_edges": [
        -2.034654187888889,
        0.7679852930694445,
        1.150268152111111,
        1.2395172510555559,
        1.3220411406666668,
        1.4244797951805557,
        1.483730702111111,
        1.5799185409722225,
        1.6950593598888888,
        1.779585820361111,
        2.5254454348888893
      ],
      "expected_pcts": [
        0.10022522522522523,
        0.09966216216216216,
        0.10022522522522523,
        0.09966216216216216,
        0.10022522522522523,
        0.09966216216216216,
        0.10022522522522523,
        0.09966216216216216,
        0.10022522522522523,
        0.10022522522522523
      ],
      "n_train": 1776,
      "mean": 1.225774606047313,
      "std": 0.8075295763952098,
      "p5": -1.7952108393958333,
      "p50": 1.4244797951805557,
      "p95": 1.8203988640555555
    },
    "energy_j": {
      "feature": "energy_j",
      "bin_edges": [
        -19425.930717675,
        2340.3347183654996,
        6243.437131921899,
        8759.396081672601,
        9367.307848592298,
        9889.98201283675,
        11925.092917347607,
        13434.203264069001,
        14657.499655017,
        16007.4614123568,
        20792.297238437703
      ],
      "expected_pcts": [
        0.10022522522522523,
        0.09966216216216216,
        0.10022522522522523,
        0.09966216216216216,
        0.10022522522522523,
        0.10022522522522523,
        0.09966216216216216,
        0.09966216216216216,
        0.10022522522522523,
        0.10022522522522523
      ],
      "n_train": 1776,
      "mean": 9287.797591908096,
      "std": 7681.353006745706,
      "p5": -16990.966572688827,
      "p50": 9889.98201283675,
      "p95": 17053.95371932115
    }
  }
}