{
  "rmse": 37.8832438957119,
  "mae": 26.649241495739556,
  "trajectory_shape_error": 0.6624589337081753,
  "battery_generalization_score": 19.6678785297961,
  "per_battery_rmse": {
    "B0030": 1.69819739717359,
    "B0033": 52.67136354268157,
    "B0036": 30.98001982824403,
    "B0041": 26.440124807241414,
    "B0044": 19.551892388594634,
    "B0052": 60.08194424533878
  },
  "feature_importance": {
    "capacity": 0.042026009410619736,
    "cycle_index": 0.07884510606527328,
    "temp_mean": 0.10898075252771378,
    "temp_max": 0.07451365888118744,
    "v_mean": 0.11753417551517487,
    "i_mean": 0.08499626070261002,
    "i_min": 0.17000025510787964,
    "energy_j": 0.15172012150287628,
    "ah_est": 0.05799928680062294,
    "duration_s": 0.11338429152965546
  },
  "baseline_rmse": 73.20426414139993,
  "dl_sequence": {
    "rmse": 37.702346201455356,
    "mae": 27.263668464006255,
    "battery_generalization_score": 23.617290473927884,
    "per_battery_rmse": {
      "B0030": 2.3883033943402805,
      "B0033": 51.87444708333688,
      "B0036": 38.46524148893683,
      "B0041": 19.93608598454334,
      "B0044": 22.642534398947575,
      "B0052": 6.397130493462409
    },
    "backend": "torch_tcn",
    "sequence_length": 8,
    "hidden_channels": 32
  },
  "groupkfold_cv": {
    "strategy": "GroupKFold(groups=battery_id)",
    "group_column": "battery_id",
    "n_splits": 5,
    "n_batteries": 22,
    "mean_rmse": 47.7929150409996,
    "std_rmse": 16.158250944979084,
    "mean_mae": 34.96028878689263,
    "std_mae": 13.132131995211623,
    "folds": [
      {
        "fold_index": 1,
        "n_train_rows": 1424,
        "n_val_rows": 352,
        "n_train_batteries": 18,
        "n_val_batteries": 4,
        "rmse": 27.054262334882097,
        "mae": 20.68543164442632
      },
      {
        "fold_index": 2,
        "n_train_rows": 1407,
        "n_val_rows": 369,
        "n_train_batteries": 17,
        "n_val_batteries": 5,
        "rmse": 48.95853507858754,
        "mae": 34.49030513538497
      },
      {
        "fold_index": 3,
        "n_train_rows": 1431,
        "n_val_rows": 345,
        "n_train_batteries": 18,
        "n_val_batteries": 4,
        "rmse": 70.19938795659311,
        "mae": 55.35965295018817
      },
      {
        "fold_index": 4,
        "n_train_rows": 1426,
        "n_val_rows": 350,
        "n_train_batteries": 18,
        "n_val_batteries": 4,
        "rmse": 59.93957874182243,
        "mae": 42.76672700146612
      },
      {
        "fold_index": 5,
        "n_train_rows": 1416,
        "n_val_rows": 360,
        "n_train_batteries": 17,
        "n_val_batteries": 5,
        "rmse": 32.81281109311282,
        "mae": 21.499327202997584
      }
    ]
  },
  "drift_report": {
    "overall_status": "RED",
    "n_alerts": 5,
    "alerts": [
      "temp_mean PSI=1.010 exceeds red threshold 0.20",
      "temp_max PSI=2.462 exceeds red threshold 0.20",
      "v_mean PSI=2.077 exceeds red threshold 0.20",
      "i_mean PSI=2.573 exceeds red threshold 0.20",
      "duration_s PSI=1.814 exceeds red threshold 0.20"
    ],
    "per_feature_psi": {
      "temp_mean": {
        "psi": 1.0104,
        "status": "RED"
      },
      "temp_max": {
        "psi": 2.4619,
        "status": "RED"
      },
      "v_min": {
        "psi": 0.0,
        "status": "GREEN"
      },
      "v_mean": {
        "psi": 2.0766,
        "status": "RED"
      },
      "i_mean": {
        "psi": 2.5729,
        "status": "RED"
      },
      "i_min": {
        "psi": 0.0037,
        "status": "GREEN"
      },
      "duration_s": {
        "psi": 1.8144,
        "status": "RED"
      },
      "capacity": {
        "psi": 0.9143,
        "status": "RED"
      },
      "ah_est": {
        "psi": 0.8758,
        "status": "RED"
      },
      "energy_j": {
        "psi": 0.8735,
        "status": "RED"
      }
    },
    "psi_thresholds": {
      "amber": 0.1,
      "red": 0.2
    }
  },
  "split_metadata": {
    "split_strategy": "stratified_battery_split",
    "stratified_by": "temperature_group",
    "split_seed": 42,
    "train_ratio": 0.8,
    "train_batteries": [
      "B0005",
      "B0006",
      "B0007",
      "B0018",
      "B0025",
      "B0026",
      "B0027",
      "B0028",
      "B0029",
      "B0031",
      "B0032",
      "B0034",
      "B0038",
      "B0039",
      "B0040",
      "B0042",
      "B0043",
      "B0045",
      "B0046",
      "B0047",
      "B0048",
      "B0049",
      "B0050",
      "B0051",
      "B0053",
      "B0054",
      "B0055",
      "B0056"
    ],
    "actual_train_batteries": [
      "B0005",
      "B0006",
      "B0007",
      "B0025",
      "B0026",
      "B0028",
      "B0029",
      "B0031",
      "B0032",
      "B0034",
      "B0039",
      "B0040",
      "B0042",
      "B0043",
      "B0046",
      "B0047",
      "B0049",
      "B0051",
      "B0053",
      "B0054",
      "B0055",
      "B0056"
    ],
    "cal_batteries": [
      "B0018",
      "B0027",
      "B0038",
      "B0045",
      "B0048",
      "B0050"
    ],
    "test_batteries": [
      "B0030",
      "B0033",
      "B0036",
      "B0041",
      "B0044",
      "B0052"
    ],
    "train_temp_mix": {
      "room": 9,
      "hot": 6,
      "cold": 13
    },
    "actual_train_temp_mix": {
      "room": 7,
      "hot": 5,
      "cold": 10
    },
    "cal_temp_mix": {
      "room": 2,
      "hot": 1,
      "cold": 3
    },
    "test_temp_mix": {
      "room": 2,
      "hot": 1,
      "cold": 3
    },
    "pretrain_filter": {
      "enabled": true,
      "target_battery_prefixes": [
        "B0049",
        "B0050",
        "B0051",
        "B0052",
        "B0053",
        "B0054",
        "B0055",
        "B0056"
      ],
      "capacity_floor_factor": 0.5,
      "global_threshold": 0.49502261534553604,
      "per_battery_thresholds": {
        "B0049": 0.41848071474103526,
        "B0051": 0.4012859732493937,
        "B0053": 0.5231865901091624,
        "B0054": 0.4668586405819098,
        "B0055": 0.5300946861681374,
        "B0056": 0.5870194294755783
      },
      "train_rows_removed": 4,
      "cal_rows_flagged_only": 7,
      "test_rows_flagged_only": 0
    },
    "uncertainty_weights": {
      "stat": 0.0,
      "ml": 0.49880335858975244,
      "dl": 0.5011966414102477
    },
    "conformal_coverage_target": 0.9
  }
}