{
  "rmse": 22.406940178271718,
  "mae": 13.278800731995231,
  "trajectory_shape_error": 0.30135442675108903,
  "battery_generalization_score": 20.05629151388855,
  "per_battery_rmse": {
    "B0030": 1.9901938752675032,
    "B0033": 5.1383202166472115,
    "B0036": 29.04978507470792,
    "B0041": 26.01928177115647,
    "B0044": 9.748772004603623,
    "B0052": 60.8972017495315
  },
  "feature_importance": {
    "capacity": 0.03970823809504509,
    "cycle_index": 0.07631935179233551,
    "temp_mean": 0.11051415652036667,
    "temp_max": 0.07223910093307495,
    "v_mean": 0.12217138707637787,
    "i_mean": 0.08744772523641586,
    "i_min": 0.19727762043476105,
    "energy_j": 0.14399749040603638,
    "ah_est": 0.054119598120450974,
    "duration_s": 0.09620539098978043
  },
  "baseline_rmse": 466.82011074233753,
  "dl_sequence": {
    "rmse": 22.94721941206336,
    "mae": 13.619540362586749,
    "battery_generalization_score": 13.526471998101167,
    "per_battery_rmse": {
      "B0030": 2.3883050241628205,
      "B0033": 2.1309946847994325,
      "B0036": 38.465246597627804,
      "B0041": 19.936084139465628,
      "B0044": 11.841073485680402,
      "B0052": 6.397128056870926
    },
    "backend": "torch_tcn",
    "sequence_length": 8,
    "hidden_channels": 32
  },
  "groupkfold_cv": {
    "strategy": "GroupKFold(groups=battery_id)",
    "group_column": "battery_id",
    "n_splits": 5,
    "n_batteries": 22,
    "mean_rmse": 48.345840142396966,
    "std_rmse": 15.946935250945943,
    "mean_mae": 35.33272505804134,
    "std_mae": 13.029275995156256,
    "folds": [
      {
        "fold_index": 1,
        "n_train_rows": 1424,
        "n_val_rows": 352,
        "n_train_batteries": 18,
        "n_val_batteries": 4,
        "rmse": 28.742944728539385,
        "mae": 22.368620741165202
      },
      {
        "fold_index": 2,
        "n_train_rows": 1407,
        "n_val_rows": 369,
        "n_train_batteries": 17,
        "n_val_batteries": 5,
        "rmse": 49.769107894173004,
        "mae": 34.8788827860319
      },
      {
        "fold_index": 3,
        "n_train_rows": 1431,
        "n_val_rows": 345,
        "n_train_batteries": 18,
        "n_val_batteries": 4,
        "rmse": 70.8589174060369,
        "mae": 55.84561633657718
      },
      {
        "fold_index": 4,
        "n_train_rows": 1426,
        "n_val_rows": 350,
        "n_train_batteries": 18,
        "n_val_batteries": 4,
        "rmse": 59.76212824719551,
        "mae": 42.615496536958965
      },
      {
        "fold_index": 5,
        "n_train_rows": 1416,
        "n_val_rows": 360,
        "n_train_batteries": 17,
        "n_val_batteries": 5,
        "rmse": 32.59610243604003,
        "mae": 20.955008889473458
      }
    ]
  },
  "drift_report": {
    "overall_status": "RED",
    "n_alerts": 5,
    "alerts": [
      "temp_mean PSI=1.010 exceeds red threshold 0.20",
      "temp_max PSI=2.462 exceeds red threshold 0.20",
      "v_mean PSI=2.077 exceeds red threshold 0.20",
      "i_mean PSI=2.573 exceeds red threshold 0.20",
      "duration_s PSI=1.814 exceeds red threshold 0.20"
    ],
    "per_feature_psi": {
      "temp_mean": {
        "psi": 1.0104,
        "status": "RED"
      },
      "temp_max": {
        "psi": 2.4619,
        "status": "RED"
      },
      "v_min": {
        "psi": 0.0,
        "status": "GREEN"
      },
      "v_mean": {
        "psi": 2.0766,
        "status": "RED"
      },
      "i_mean": {
        "psi": 2.5729,
        "status": "RED"
      },
      "i_min": {
        "psi": 0.0037,
        "status": "GREEN"
      },
      "duration_s": {
        "psi": 1.8144,
        "status": "RED"
      },
      "capacity": {
        "psi": 0.9143,
        "status": "RED"
      },
      "ah_est": {
        "psi": 0.8758,
        "status": "RED"
      },
      "energy_j": {
        "psi": 0.8735,
        "status": "RED"
      }
    },
    "psi_thresholds": {
      "amber": 0.1,
      "red": 0.2
    }
  },
  "split_metadata": {
    "split_strategy": "stratified_battery_split",
    "stratified_by": "temperature_group",
    "split_seed": 42,
    "train_ratio": 0.8,
    "train_batteries": [
      "B0005",
      "B0006",
      "B0007",
      "B0018",
      "B0025",
      "B0026",
      "B0027",
      "B0028",
      "B0029",
      "B0031",
      "B0032",
      "B0034",
      "B0038",
      "B0039",
      "B0040",
      "B0042",
      "B0043",
      "B0045",
      "B0046",
      "B0047",
      "B0048",
      "B0049",
      "B0050",
      "B0051",
      "B0053",
      "B0054",
      "B0055",
      "B0056"
    ],
    "actual_train_batteries": [
      "B0005",
      "B0006",
      "B0007",
      "B0025",
      "B0026",
      "B0028",
      "B0029",
      "B0031",
      "B0032",
      "B0034",
      "B0039",
      "B0040",
      "B0042",
      "B0043",
      "B0046",
      "B0047",
      "B0049",
      "B0051",
      "B0053",
      "B0054",
      "B0055",
      "B0056"
    ],
    "cal_batteries": [
      "B0018",
      "B0027",
      "B0038",
      "B0045",
      "B0048",
      "B0050"
    ],
    "test_batteries": [
      "B0030",
      "B0033",
      "B0036",
      "B0041",
      "B0044",
      "B0052"
    ],
    "train_temp_mix": {
      "room": 9,
      "hot": 6,
      "cold": 13
    },
    "actual_train_temp_mix": {
      "room": 7,
      "hot": 5,
      "cold": 10
    },
    "cal_temp_mix": {
      "room": 2,
      "hot": 1,
      "cold": 3
    },
    "test_temp_mix": {
      "room": 2,
      "hot": 1,
      "cold": 3
    },
    "pretrain_filter": {
      "enabled": true,
      "target_battery_prefixes": [
        "B0049",
        "B0050",
        "B0051",
        "B0052",
        "B0053",
        "B0054",
        "B0055",
        "B0056"
      ],
      "capacity_floor_factor": 0.5,
      "global_threshold": 0.49502261534553604,
      "per_battery_thresholds": {
        "B0049": 0.41848071474103526,
        "B0051": 0.4012859732493937,
        "B0053": 0.5231865901091624,
        "B0054": 0.4668586405819098,
        "B0055": 0.5300946861681374,
        "B0056": 0.5870194294755783
      },
      "train_rows_removed": 4,
      "cal_rows_flagged_only": 7,
      "test_rows_flagged_only": 0
    },
    "uncertainty_weights": {
      "stat": 0.0,
      "ml": 0.5059562258310126,
      "dl": 0.4940437741689874
    },
    "conformal_coverage_target": 0.9
  }
}