{
  "config": {
    "data_path": "data\\processed\\cycle_features_with_rul.csv",
    "seeds": [
      42,
      7,
      11,
      21,
      99
    ],
    "train_ratio": 0.8,
    "capacity_floor_factor": 0.5,
    "include_dl": true,
    "dl": {
      "epochs": 60,
      "patience": 10,
      "hidden_channels": 32,
      "sequence_length": 8,
      "batch_size": 64,
      "learning_rate": 0.001,
      "dropout": 0.1,
      "weight_decay": 1e-05,
      "backend": "auto"
    }
  },
  "runs": [
    {
      "seed": 42,
      "train_batteries": [
        "B0005",
        "B0006",
        "B0007",
        "B0018",
        "B0025",
        "B0026",
        "B0027",
        "B0028",
        "B0029",
        "B0031",
        "B0032",
        "B0034",
        "B0038",
        "B0039",
        "B0040",
        "B0042",
        "B0043",
        "B0045",
        "B0046",
        "B0047",
        "B0048",
        "B0049",
        "B0050",
        "B0051",
        "B0053",
        "B0054",
        "B0055",
        "B0056"
      ],
      "test_batteries": [
        "B0030",
        "B0033",
        "B0036",
        "B0041",
        "B0044",
        "B0052"
      ],
      "train_temp_mix": {
        "room": 9,
        "hot": 6,
        "cold": 13
      },
      "test_temp_mix": {
        "room": 2,
        "hot": 1,
        "cold": 3
      },
      "train_rows_raw": 2156,
      "train_rows_clean": 2143,
      "test_rows": 638,
      "train_rows_removed": 13,
      "test_rows_flagged": 0,
      "stat_rmse": 478.5009913501065,
      "stat_mae": 323.325042116724,
      "xgb_rmse": 37.63777001321601,
      "xgb_mae": 28.018166672169787,
      "dl_rmse": 42.465060303000726,
      "dl_mae": 29.752218929496024,
      "dl_backend": "torch_tcn"
    },
    {
      "seed": 7,
      "train_batteries": [
        "B0006",
        "B0007",
        "B0018",
        "B0025",
        "B0026",
        "B0027",
        "B0028",
        "B0029",
        "B0030",
        "B0031",
        "B0033",
        "B0036",
        "B0038",
        "B0039",
        "B0040",
        "B0041",
        "B0042",
        "B0044",
        "B0045",
        "B0046",
        "B0048",
        "B0049",
        "B0050",
        "B0052",
        "B0053",
        "B0054",
        "B0055",
        "B0056"
      ],
      "test_batteries": [
        "B0005",
        "B0032",
        "B0034",
        "B0043",
        "B0047",
        "B0051"
      ],
      "train_temp_mix": {
        "room": 9,
        "hot": 6,
        "cold": 13
      },
      "test_temp_mix": {
        "room": 2,
        "hot": 1,
        "cold": 3
      },
      "train_rows_raw": 2180,
      "train_rows_clean": 2168,
      "test_rows": 614,
      "train_rows_removed": 12,
      "test_rows_flagged": 1,
      "stat_rmse": 545.7755189418591,
      "stat_mae": 242.7159973557521,
      "xgb_rmse": 47.01983436516175,
      "xgb_mae": 28.161974731661342,
      "dl_rmse": 38.75537718617683,
      "dl_mae": 23.188124285334364,
      "dl_backend": "torch_tcn"
    },
    {
      "seed": 11,
      "train_batteries": [
        "B0005",
        "B0006",
        "B0007",
        "B0018",
        "B0025",
        "B0026",
        "B0027",
        "B0029",
        "B0030",
        "B0032",
        "B0033",
        "B0036",
        "B0038",
        "B0039",
        "B0040",
        "B0041",
        "B0042",
        "B0043",
        "B0044",
        "B0045",
        "B0046",
        "B0047",
        "B0048",
        "B0050",
        "B0051",
        "B0052",
        "B0053",
        "B0056"
      ],
      "test_batteries": [
        "B0028",
        "B0031",
        "B0034",
        "B0049",
        "B0054",
        "B0055"
      ],
      "train_temp_mix": {
        "room": 9,
        "hot": 6,
        "cold": 13
      },
      "test_temp_mix": {
        "room": 2,
        "hot": 1,
        "cold": 3
      },
      "train_rows_raw": 2299,
      "train_rows_clean": 2288,
      "test_rows": 495,
      "train_rows_removed": 11,
      "test_rows_flagged": 2,
      "stat_rmse": 113.11936196595425,
      "stat_mae": 103.45759879092721,
      "xgb_rmse": 36.45145372506242,
      "xgb_mae": 23.800130206463162,
      "dl_rmse": 34.81388815809677,
      "dl_mae": 22.55078918379214,
      "dl_backend": "torch_tcn"
    },
    {
      "seed": 21,
      "train_batteries": [
        "B0006",
        "B0007",
        "B0025",
        "B0026",
        "B0027",
        "B0028",
        "B0029",
        "B0030",
        "B0032",
        "B0033",
        "B0034",
        "B0036",
        "B0038",
        "B0039",
        "B0040",
        "B0041",
        "B0042",
        "B0043",
        "B0044",
        "B0045",
        "B0048",
        "B0049",
        "B0050",
        "B0051",
        "B0053",
        "B0054",
        "B0055",
        "B0056"
      ],
      "test_batteries": [
        "B0005",
        "B0018",
        "B0031",
        "B0046",
        "B0047",
        "B0052"
      ],
      "train_temp_mix": {
        "room": 9,
        "hot": 6,
        "cold": 13
      },
      "test_temp_mix": {
        "room": 2,
        "hot": 1,
        "cold": 3
      },
      "train_rows_raw": 2285,
      "train_rows_clean": 2272,
      "test_rows": 509,
      "train_rows_removed": 13,
      "test_rows_flagged": 0,
      "stat_rmse": 59.7312238356775,
      "stat_mae": 46.08623201241441,
      "xgb_rmse": 59.69448854435135,
      "xgb_mae": 40.400726922921294,
      "dl_rmse": 49.334907510885955,
      "dl_mae": 33.64551380088586,
      "dl_backend": "torch_tcn"
    },
    {
      "seed": 99,
      "train_batteries": [
        "B0005",
        "B0006",
        "B0007",
        "B0025",
        "B0026",
        "B0027",
        "B0028",
        "B0029",
        "B0031",
        "B0032",
        "B0033",
        "B0034",
        "B0038",
        "B0039",
        "B0040",
        "B0041",
        "B0042",
        "B0043",
        "B0045",
        "B0046",
        "B0048",
        "B0049",
        "B0050",
        "B0051",
        "B0052",
        "B0054",
        "B0055",
        "B0056"
      ],
      "test_batteries": [
        "B0018",
        "B0030",
        "B0036",
        "B0044",
        "B0047",
        "B0053"
      ],
      "train_temp_mix": {
        "room": 9,
        "hot": 6,
        "cold": 13
      },
      "test_temp_mix": {
        "room": 2,
        "hot": 1,
        "cold": 3
      },
      "train_rows_raw": 2185,
      "train_rows_clean": 2173,
      "test_rows": 609,
      "train_rows_removed": 12,
      "test_rows_flagged": 1,
      "stat_rmse": 401.1871390658518,
      "stat_mae": 198.45560915044462,
      "xgb_rmse": 42.91561084840678,
      "xgb_mae": 34.05002020213796,
      "dl_rmse": 41.32825779338554,
      "dl_mae": 31.172477342824532,
      "dl_backend": "torch_tcn"
    }
  ],
  "summary": {
    "statistical_rmse": {
      "n": 5,
      "mean": 319.6628470318899,
      "std": 196.58451955378317,
      "min": 59.7312238356775,
      "max": 545.7755189418591
    },
    "xgboost_rmse": {
      "n": 5,
      "mean": 44.74383149923966,
      "std": 8.382175909239587,
      "min": 36.45145372506242,
      "max": 59.69448854435135
    },
    "dl_rmse": {
      "n": 5,
      "mean": 41.339498190309165,
      "std": 4.784450946056921,
      "min": 34.81388815809677,
      "max": 49.334907510885955
    }
  },
  "errors": []
}