seed,train_batteries,test_batteries,train_temp_mix,test_temp_mix,train_rows_raw,train_rows_clean,test_rows,train_rows_removed,test_rows_flagged,stat_rmse,stat_mae,xgb_rmse,xgb_mae
42,"['B0005', 'B0006', 'B0007', 'B0018', 'B0025', 'B0026', 'B0027', 'B0028', 'B0029', 'B0031', 'B0032', 'B0034', 'B0038', 'B0039', 'B0040', 'B0042', 'B0043', 'B0045', 'B0046', 'B0047', 'B0048', 'B0049', 'B0050', 'B0051', 'B0053', 'B0054', 'B0055', 'B0056']","['B0030', 'B0033', 'B0036', 'B0041', 'B0044', 'B0052']","{'room': 9, 'hot': 6, 'cold': 13}","{'room': 2, 'hot': 1, 'cold': 3}",2156,2143,638,13,0,478.5009913501065,323.325042116724,37.63777001321601,28.018166672169787
7,"['B0006', 'B0007', 'B0018', 'B0025', 'B0026', 'B0027', 'B0028', 'B0029', 'B0030', 'B0031', 'B0033', 'B0036', 'B0038', 'B0039', 'B0040', 'B0041', 'B0042', 'B0044', 'B0045', 'B0046', 'B0048', 'B0049', 'B0050', 'B0052', 'B0053', 'B0054', 'B0055', 'B0056']","['B0005', 'B0032', 'B0034', 'B0043', 'B0047', 'B0051']","{'room': 9, 'hot': 6, 'cold': 13}","{'room': 2, 'hot': 1, 'cold': 3}",2180,2168,614,12,1,545.7755189418591,242.7159973557521,47.01983436516175,28.161974731661342
