{
  "feature_columns": [
    "capacity",
    "cycle_index",
    "temp_mean",
    "temp_max",
    "v_mean",
    "i_mean",
    "i_min",
    "energy_j",
    "ah_est",
    "duration_s"
  ],
  "feature_importance": {
    "capacity": 0.04087602347135544,
    "cycle_index": 0.07935830950737,
    "temp_mean": 0.12328137457370758,
    "temp_max": 0.07373372465372086,
    "v_mean": 0.1348792314529419,
    "i_mean": 0.09461649507284164,
    "i_min": 0.13591468334197998,
    "energy_j": 0.14132976531982422,
    "ah_est": 0.06417238712310791,
    "duration_s": 0.11183804273605347
  },
  "has_lower": true,
  "has_upper": true,
  "_use_ensemble_variance": false
}