{
  "feature_columns": [
    "capacity",
    "cycle_index",
    "temp_mean",
    "temp_max",
    "v_mean",
    "i_mean",
    "i_min",
    "energy_j",
    "ah_est",
    "duration_s"
  ],
  "feature_importance": {
    "capacity": 0.042026009410619736,
    "cycle_index": 0.07884510606527328,
    "temp_mean": 0.10898075252771378,
    "temp_max": 0.07451365888118744,
    "v_mean": 0.11753417551517487,
    "i_mean": 0.08499626070261002,
    "i_min": 0.17000025510787964,
    "energy_j": 0.15172012150287628,
    "ah_est": 0.05799928680062294,
    "duration_s": 0.11338429152965546
  },
  "has_lower": true,
  "has_upper": true,
  "_use_ensemble_variance": false
}