{
  "feature_columns": [
    "capacity",
    "cycle_index",
    "temp_mean",
    "temp_max",
    "v_mean",
    "i_mean",
    "i_min",
    "energy_j",
    "ah_est",
    "duration_s"
  ],
  "feature_importance": {
    "capacity": 0.03970823809504509,
    "cycle_index": 0.07631935179233551,
    "temp_mean": 0.11051415652036667,
    "temp_max": 0.07223910093307495,
    "v_mean": 0.12217138707637787,
    "i_mean": 0.08744772523641586,
    "i_min": 0.19727762043476105,
    "energy_j": 0.14399749040603638,
    "ah_est": 0.054119598120450974,
    "duration_s": 0.09620539098978043
  },
  "has_lower": true,
  "has_upper": true,
  "_use_ensemble_variance": false
}