{
  "feature_columns": [
    "capacity",
    "cycle_index",
    "temp_mean",
    "temp_max",
    "v_mean",
    "i_mean",
    "i_min",
    "energy_j",
    "ah_est",
    "duration_s"
  ],
  "feature_importance": {
    "capacity": 0.04777226597070694,
    "cycle_index": 0.12059562653303146,
    "temp_mean": 0.27583444118499756,
    "temp_max": 0.10689803957939148,
    "v_mean": 0.030557530000805855,
    "i_mean": 0.19575060904026031,
    "i_min": 0.03617628663778305,
    "energy_j": 0.030953912064433098,
    "ah_est": 0.05773477628827095,
    "duration_s": 0.09772642701864243
  },
  "has_lower": true,
  "has_upper": true,
  "_use_ensemble_variance": false
}